"count","zip"
"9","10100"
"24","10110"
"4","10120"
"19","10130"
"22","10140"
"11","10150"
"11","10160"
"14","10170"
"2","10180"
"13","10190"
"36","10200"
"23","10210"
"10","10220"
"17","10240"
"5","10250"
"10","10260"
"8","10270"
"3","10280"
"11","10290"
"3","10300"
"4","10310"
"15","10320"
"12","10330"
"6","10340"
"7","10350"
"6","10360"
"4","10380"
"2","10390"
"23","10400"
"4","10410"
"2","10440"
"36","10500"
"3","10510"
"6","10600"
"28","10700"
"13","10800"
"2","11000"
"3","11100"
"4","11110"
"12","11120"
"26","11140"
"5","11150"
"10","11160"
"12","11170"
"18","11190"
"23","11200"
"20","11220"
"13","11230"
"19","11240"
"15","11250"
"4","11260"
"15","11270"
"6","11290"
"28","11300"
"4","11310"
"7","11320"
"20","11330"
"6","11340"
"6","11350"
"10","11360"
"7","11380"
"6","11390"
"21","11400"
"14","11410"
"11","11420"
"12","11500"
"4","11510"
"5","11570"
"7","11580"
"3","11590"
"16","11600"
"2","11610"
"14","11700"
"14","11800"
"4","12000"
"5","12100"
"3","12110"
"9","12120"
"6","12130"
"7","12140"
"6","12160"
"7","12170"
"4","12190"
"11","12200"
"6","12210"
"8","12220"
"8","12230"
"6","12240"
"5","12250"
"12","12260"
"5","12270"
"7","12290"
"9","12300"
"5","12310"
"4","12320"
"8","12330"
"4","12340"
"7","12350"
"10","12360"
"5","12370"
"6","12380"
"8","12390"
"9","12400"
"2","12410"
"2","12420"
"5","12430"
"3","12440"
"3","12450"
"5","12460"
"3","12470"
"3","12480"
"5","12490"
"6","12500"
"2","12510"
"4","12520"
"5","12540"
"7","12550"
"3","12560"
"2","12580"
"6","12600"
"3","12620"
"2","12630"
"2","12640"
"5","12700"
"4","12720"
"2","12740"
"2","12780"
"9","12800"
"2","12850"
"5","13100"
"2","13103"
"3","13150"
"2","13250"
"2","13330"
"3","13520"
"2","13600"
"2","13610"
"2","13670"
"2","13720"
"2","13780"
"3","13790"
"23","14100"
"3","14110"
"2","14112"
"2","14113"
"3","14117"
"3","14123"
"28","14130"
"9","14140"
"4","14160"
"11","14170"
"14","14190"
"20","14210"
"20","14220"
"10","14230"
"9","14240"
"18","14250"
"10","14260"
"6","14270"
"3","14280"
"8","14290"
"13","14310"
"6","14320"
"10","14330"
"21","14340"
"3","14350"
"9","14370"
"7","14380"
"3","14390"
"32","14400"
"5","14420"
"18","14430"
"4","14440"
"3","14450"
"3","14470"
"9","14480"
"12","14490"
"2","14500"
"2","14510"
"3","14520"
"6","14540"
"5","14570"
"4","14590"
"9","14600"
"9","14610"
"9","14620"
"3","14630"
"3","14640"
"7","14670"
"4","14680"
"11","14690"
"21","14700"
"16","14710"
"6","14740"
"5","14770"
"3","14790"
"8","14800"
"2","14810"
"2","14840"
"2","14850"
"4","14860"
"2","14880"
"2","14910"
"3","14930"
"3","14940"
"4","14950"
"3","14960"
"2","14970"
"2","15000"
"17","15100"
"12","15110"
"9","15120"
"15","15130"
"13","15140"
"13","15150"
"5","15160"
"8","15170"
"9","15190"
"8","15200"
"2","15210"
"5","15220"
"10","15230"
"8","15240"
"9","15250"
"4","15270"
"7","15290"
"12","15300"
"5","15310"
"5","15320"
"3","15340"
"3","15350"
"5","15380"
"11","15400"
"2","15430"
"15","15500"
"4","15590"
"11","15600"
"6","15700"
"9","15800"
"8","16100"
"10","16110"
"13","16120"
"12","16130"
"18","16140"
"8","16150"
"8","16170"
"9","16190"
"16","16200"
"16","16210"
"8","16220"
"14","16230"
"14","16240"
"10","16250"
"6","16260"
"2","16270"
"6","16290"
"17","16300"
"12","16310"
"11","16320"
"7","16330"
"8","16350"
"7","16360"
"4","16370"
"8","16380"
"8","16390"
"3","16400"
"8","16410"
"5","16420"
"3","16430"
"5","16440"
"6","16450"
"10","16460"
"13","16480"
"5","16490"
"9","16500"
"6","16560"
"2","16570"
"4","16600"
"16","16700"
"3","16730"
"9","17100"
"14","17120"
"17","17130"
"4","17137"
"2","17138"
"14","17150"
"17","17160"
"10","17170"
"2","17200"
"14","17210"
"12","17220"
"6","17230"
"16","17240"
"13","17250"
"10","17260"
"8","17270"
"10","17290"
"2","17300"
"2","17320"
"15","17330"
"2","17340"
"9","17350"
"6","17360"
"2","17370"
"13","17380"
"19","17400"
"10","17430"
"2","17450"
"10","17460"
"12","17470"
"9","17490"
"22","17500"
"9","17510"
"14","17520"
"7","17540"
"2","17570"
"2","17590"
"17","17600"
"4","17610"
"6","17620"
"11","17700"
"16","17770"
"4","17780"
"21","17800"
"4","17810"
"2","17870"
"5","18100"
"10","18110"
"10","18120"
"12","18130"
"15","18140"
"6","18150"
"9","18160"
"9","18170"
"11","18190"
"17","18200"
"9","18210"
"10","18220"
"7","18240"
"7","18250"
"11","18260"
"5","18270"
"7","18290"
"18","18300"
"5","18310"
"7","18320"
"4","18330"
"13","18340"
"13","18350"
"6","18360"
"6","18370"
"5","18380"
"6","18390"
"5","18400"
"4","18410"
"7","18500"
"2","18520"
"4","18570"
"10","18600"
"4","18700"
"7","18800"
"2","19000"
"3","19110"
"13","19120"
"10","19130"
"5","19140"
"9","19150"
"12","19160"
"13","19170"
"9","19190"
"19","19200"
"6","19210"
"9","19220"
"6","19230"
"3","19240"
"6","19250"
"5","19260"
"5","19270"
"8","19290"
"11","19300"
"7","19310"
"12","19320"
"5","19330"
"8","19340"
"4","19350"
"4","19360"
"2","19370"
"6","19380"
"4","19390"
"5","19400"
"5","19410"
"9","19430"
"2","19450"
"2","19470"
"15","19500"
"5","19510"
"2","19520"
"4","19550"
"9","19600"
"5","19700"
"8","19800"
"25","21110"
"22","21120"
"7","21121"
"16","21130"
"17","21140"
"21","21150"
"5","21160"
"14","21170"
"16","21190"
"13","21200"
"12","21210"
"23","21220"
"20","21230"
"22","21250"
"8","21260"
"18","21270"
"17","21290"
"22","21310"
"24","21320"
"17","21330"
"10","21340"
"24","21350"
"23","21360"
"5","21370"
"7","21380"
"15","21390"
"29","21400"
"13","21410"
"5","21420"
"13","21430"
"13","21440"
"15","21450"
"12","21460"
"10","21490"
"29","21500"
"16","21510"
"10","21520"
"5","21530"
"20","21540"
"4","21560"
"6","21570"
"10","21580"
"3","21600"
"10","21610"
"3","21640"
"8","21690"
"22","21700"
"4","21800"
"2","21820"
"6","21910"
"14","22100"
"7","22110"
"4","22120"
"10","22130"
"11","22140"
"6","22150"
"12","22160"
"8","22170"
"10","22200"
"7","22210"
"4","22220"
"9","22230"
"4","22240"
"8","22250"
"6","22260"
"4","22270"
"14","22290"
"9","22300"
"4","22310"
"7","22320"
"8","22340"
"8","22350"
"4","22390"
"9","22400"
"4","22410"
"5","22420"
"3","22440"
"9","22450"
"7","22460"
"10","22480"
"4","22490"
"2","22500"
"7","22510"
"4","22530"
"3","22540"
"5","22550"
"2","22560"
"5","22570"
"2","22580"
"2","22590"
"7","22600"
"3","22610"
"7","22630"
"4","22640"
"2","22660"
"2","22690"
"3","22700"
"4","22720"
"3","22740"
"3","22780"
"11","22800"
"4","22810"
"2","22940"
"2","22970"
"8","22980"
"15","23000"
"6","23100"
"7","23110"
"2","23120"
"10","23130"
"8","23140"
"11","23150"
"6","23160"
"9","23170"
"7","23190"
"14","23200"
"8","23210"
"9","23220"
"4","23230"
"4","23240"
"11","23250"
"15","23260"
"7","23270"
"7","23300"
"6","23320"
"3","23340"
"4","23350"
"4","23360"
"2","23380"
"12","23400"
"4","23430"
"6","23460"
"7","23480"
"10","23500"
"12","23600"
"14","23700"
"9","23800"
"4","24100"
"8","24110"
"10","24120"
"11","24130"
"14","24140"
"14","24150"
"13","24160"
"16","24170"
"9","24190"
"8","24200"
"13","24210"
"10","24220"
"10","24230"
"12","24240"
"13","24250"
"10","24260"
"8","24270"
"11","24290"
"16","24300"
"4","24310"
"18","24320"
"6","24330"
"5","24340"
"10","24350"
"9","24360"
"10","24370"
"15","24380"
"11","24390"
"16","24400"
"7","24410"
"8","24420"
"4","24430"
"7","24440"
"5","24450"
"6","24460"
"4","24470"
"5","24480"
"9","24500"
"8","24510"
"9","24520"
"7","24530"
"13","24540"
"8","24550"
"18","24560"
"2","24570"
"3","24580"
"8","24590"
"15","24600"
"6","24610"
"5","24620"
"4","24640"
"2","24660"
"2","24680"
"10","24700"
"5","24750"
"16","24800"
"23","25110"
"6","25120"
"4","25140"
"10","25150"
"10","25160"
"23","25170"
"23","25190"
"3","25200"
"15","25210"
"7","25220"
"4","25230"
"13","25240"
"22","25250"
"6","25260"
"10","25270"
"6","25290"
"13","25300"
"10","25310"
"12","25320"
"17","25330"
"15","25340"
"15","25360"
"9","25370"
"13","25380"
"9","25390"
"4","25400"
"12","25410"
"5","25420"
"11","25430"
"30","25440"
"12","25470"
"3","25480"
"4","25490"
"7","25500"
"7","25510"
"10","25520"
"14","25530"
"9","25550"
"9","25560"
"10","25580"
"5","25600"
"10","25620"
"26","25640"
"8","25650"
"8","25660"
"21","25680"
"4","25690"
"2","25700"
"5","25720"
"5","25750"
"3","25770"
"3","25800"
"2","25840"
"15","25870"
"23","26110"
"12","26120"
"5","26130"
"4","26140"
"14","26150"
"16","26160"
"19","26170"
"13","26190"
"2","26200"
"6","26210"
"6","26220"
"8","26230"
"10","26240"
"10","26260"
"4","26270"
"2","26290"
"12","26300"
"16","26310"
"4","26330"
"17","26340"
"6","26350"
"2","26390"
"24","26400"
"5","26410"
"5","26420"
"4","26450"
"8","26460"
"10","26470"
"13","26510"
"10","26560"
"5","26570"
"13","26600"
"2","26700"
"3","26730"
"9","26740"
"8","26750"
"2","26760"
"8","26770"
"4","26780"
"5","26790"
"5","26800"
"3","27100"
"28","27110"
"23","27120"
"8","27130"
"4","27140"
"22","27150"
"8","27160"
"14","27170"
"11","27180"
"22","27190"
"16","27210"
"22","27220"
"19","27230"
"4","27240"
"9","27250"
"10","27260"
"11","27270"
"13","27290"
"15","27300"
"9","27310"
"7","27320"
"6","27330"
"5","27340"
"11","27350"
"20","27370"
"10","27380"
"10","27390"
"20","27400"
"3","27410"
"8","27420"
"9","27430"
"7","27440"
"7","27450"
"3","27460"
"3","27470"
"8","27480"
"3","27490"
"17","27500"
"4","27510"
"8","27520"
"2","27530"
"8","27560"
"4","27570"
"3","27580"
"9","27600"
"4","27620"
"2","27630"
"3","27640"
"3","27650"
"2","27660"
"2","27670"
"8","27680"
"12","27700"
"3","27720"
"3","27730"
"23","27800"
"3","27820"
"6","27910"
"2","27920"
"29","27930"
"6","27940"
"7","27950"
"22","28120"
"12","28130"
"18","28140"
"14","28150"
"9","28160"
"14","28170"
"16","28190"
"13","28200"
"16","28210"
"2","28220"
"2","28230"
"16","28240"
"8","28250"
"12","28260"
"15","28270"
"2","28290"
"17","28300"
"17","28310"
"5","28320"
"9","28330"
"7","28340"
"2","28350"
"8","28360"
"8","28400"
"9","28410"
"11","28480"
"22","28500"
"12","28630"
"28","28700"
"18","28800"
"5","29100"
"5","29120"
"4","29140"
"5","29150"
"2","29160"
"3","29170"
"4","29180"
"8","29190"
"3","29217"
"4","29250"
"11","29260"
"6","29270"
"2","29280"
"4","29290"
"7","29300"
"2","29310"
"2","29370"
"3","29380"
"2","29390"
"11","29400"
"5","29410"
"3","29420"
"4","29430"
"6","29440"
"3","29450"
"7","29460"
"2","29470"
"5","29510"
"4","29520"
"4","29530"
"4","29550"
"4","29560"
"2","29570"
"5","29590"
"4","29600"
"2","29610"
"3","29620"
"2","29630"
"4","29640"
"4","29650"
"3","29670"
"7","29690"
"2","29700"
"8","29710"
"4","29720"
"2","29730"
"5","29770"
"4","29790"
"12","29800"
"4","29810"
"2","29820"
"5","29830"
"3","29840"
"5","29860"
"4","29870"
"2","29880"
"3","29890"
"3","29950"
"7","30110"
"2","30114"
"12","30120"
"2","30124"
"3","30126"
"2","30129"
"4","30130"
"12","30140"
"4","30150"
"5","30160"
"8","30170"
"17","30190"
"12","30200"
"13","30210"
"2","30220"
"2","30230"
"11","30250"
"15","30260"
"2","30290"
"5","30300"
"4","30320"
"12","30330"
"8","30340"
"15","30350"
"12","30360"
"4","30390"
"2","30410"
"7","30430"
"7","30440"
"8","30450"
"6","30460"
"2","30480"
"8","30500"
"3","30530"
"2","30570"
"11","30580"
"2","30600"
"5","30610"
"3","30620"
"5","30630"
"2","30650"
"17","30700"
"6","30730"
"6","30750"
"7","30760"
"6","30770"
"2","30870"
"4","30960"
"2","30980"
"31","31110"
"6","31120"
"4","31130"
"7","31140"
"5","31150"
"26","31160"
"4","31180"
"13","31190"
"14","31210"
"16","31220"
"24","31230"
"2","31240"
"2","31250"
"18","31260"
"3","31270"
"3","31280"
"20","31290"
"16","31310"
"9","31320"
"7","31330"
"8","31340"
"22","31350"
"14","31360"
"16","31370"
"12","31380"
"7","31390"
"10","31410"
"19","31420"
"14","31430"
"21","31440"
"20","31450"
"19","31460"
"10","31470"
"14","31480"
"2","31490"
"19","31510"
"11","31530"
"11","31540"
"4","31550"
"8","31560"
"8","31570"
"9","31580"
"6","31590"
"8","31600"
"9","31620"
"3","31650"
"2","31660"
"5","31700"
"2","31790"
"21","31800"
"3","31810"
"2","31840"
"3","31850"
"3","31860"
"2","31870"
"11","32100"
"16","32110"
"18","32120"
"13","32130"
"17","32140"
"4","32150"
"10","32160"
"17","32170"
"19","32190"
"11","32200"
"17","32220"
"22","32230"
"10","32240"
"3","32250"
"11","32260"
"9","32270"
"10","32290"
"31","32300"
"7","32310"
"8","32320"
"5","32330"
"7","32340"
"6","32350"
"7","32360"
"5","32370"
"14","32380"
"10","32390"
"23","32400"
"6","32410"
"11","32420"
"10","32430"
"12","32450"
"2","32460"
"7","32480"
"4","32490"
"12","32500"
"9","32550"
"10","32600"
"11","32700"
"4","32720"
"6","32730"
"8","32800"
"7","32810"
"5","33113"
"7","33124"
"4","33125"
"4","33126"
"2","33127"
"2","33140"
"2","33141"
"3","33160"
"3","33180"
"28","33190"
"16","33210"
"16","33220"
"12","33230"
"19","33240"
"4","33250"
"2","33270"
"4","33290"
"2","33320"
"8","33330"
"12","33340"
"20","33350"
"6","33360"
"8","33370"
"3","33380"
"15","33390"
"12","33410"
"18","33420"
"13","33430"
"3","33440"
"4","33450"
"8","33460"
"2","33470"
"6","33480"
"12","33490"
"6","33500"
"19","33540"
"8","33550"
"2","33560"
"8","33570"
"13","33580"
"5","33590"
"2","33610"
"9","33620"
"6","33640"
"7","33650"
"7","33660"
"9","33670"
"4","33680"
"10","33690"
"15","33710"
"9","33720"
"6","33730"
"8","33750"
"18","33760"
"8","33790"
"7","33820"
"2","33830"
"8","33840"
"3","33860"
"3","33880"
"4","33890"
"7","33910"
"8","33920"
"2","33990"
"3","34110"
"6","34120"
"6","34130"
"3","34140"
"9","34150"
"16","34160"
"12","34190"
"15","34210"
"7","34220"
"16","34230"
"2","34240"
"7","34260"
"12","34270"
"9","34290"
"7","34310"
"10","34320"
"4","34330"
"2","34350"
"11","34360"
"4","34370"
"10","34380"
"9","34390"
"8","34400"
"2","34410"
"3","34420"
"2","34440"
"3","34460"
"9","34480"
"7","34490"
"2","34500"
"9","34520"
"2","34530"
"2","34540"
"3","34560"
"6","34570"
"11","34600"
"4","34610"
"6","34650"
"2","34660"
"2","34670"
"17","34700"
"5","34725"
"2","34730"
"17","34800"
"3","34820"
"2","34830"
"5","34980"
"2","35111"
"12","35120"
"9","35130"
"2","35131"
"16","35133"
"3","35134"
"3","35137"
"8","35140"
"8","35150"
"5","35160"
"13","35190"
"8","35210"
"4","35220"
"5","35230"
"3","35240"
"9","35250"
"8","35270"
"6","35290"
"5","35310"
"10","35320"
"8","35330"
"3","35340"
"3","35350"
"6","35360"
"9","35370"
"5","35380"
"4","35390"
"3","35410"
"8","35420"
"6","35430"
"4","35440"
"5","35450"
"5","35460"
"3","35470"
"2","35480"
"5","35490"
"11","35500"
"4","35520"
"3","35530"
"3","35540"
"7","35550"
"6","35560"
"6","35580"
"4","35590"
"3","35600"
"7","35610"
"2","35620"
"8","35630"
"4","35640"
"3","35660"
"6","35680"
"3","35720"
"5","35750"
"2","35760"
"3","35800"
"5","35850"
"2","35890"
"17","36100"
"10","36110"
"9","36120"
"4","36130"
"6","36140"
"13","36150"
"12","36160"
"10","36170"
"4","36180"
"5","36190"
"11","36200"
"10","36210"
"10","36220"
"10","36230"
"4","36240"
"2","36250"
"6","36260"
"3","36270"
"7","36290"
"9","36300"
"5","36310"
"3","36330"
"4","36340"
"2","36350"
"2","36360"
"6","36370"
"16","36400"
"13","36500"
"8","36600"
"9","36700"
"10","36800"
"13","37110"
"15","37120"
"7","37130"
"7","37140"
"9","37150"
"7","37160"
"8","37190"
"6","37210"
"13","37220"
"4","37230"
"10","37240"
"3","37250"
"5","37260"
"6","37270"
"7","37290"
"10","37310"
"5","37320"
"11","37330"
"8","37340"
"8","37350"
"6","37360"
"10","37370"
"6","37380"
"7","37390"
"2","37400"
"5","37420"
"11","37460"
"15","37500"
"5","37510"
"10","37530"
"15","37600"
"2","37700"
"13","37800"
"4","38080"
"4","38090"
"13","38110"
"4","38114"
"2","38118"
"3","38119"
"4","38120"
"2","38121"
"5","38122"
"2","38134"
"10","38140"
"5","38142"
"12","38150"
"14","38160"
"9","38190"
"8","38200"
"8","38210"
"10","38220"
"4","38230"
"4","38250"
"16","38260"
"12","38270"
"3","38280"
"3","38290"
"17","38300"
"5","38320"
"4","38330"
"2","38340"
"20","38350"
"3","38360"
"4","38370"
"6","38380"
"7","38390"
"4","38410"
"5","38420"
"2","38430"
"12","38440"
"5","38450"
"18","38460"
"15","38470"
"6","38480"
"8","38490"
"5","38500"
"10","38510"
"8","38520"
"6","38530"
"4","38540"
"6","38550"
"2","38560"
"7","38570"
"4","38580"
"8","38590"
"2","38610"
"8","38620"
"2","38630"
"12","38650"
"7","38660"
"8","38680"
"15","38690"
"4","38700"
"8","38710"
"7","38730"
"4","38740"
"2","38760"
"3","38770"
"5","38780"
"3","38790"
"2","38800"
"4","38840"
"4","38850"
"3","38870"
"5","38890"
"7","38930"
"3","38940"
"2","38950"
"2","38960"
"9","38970"
"3","38980"
"14","39100"
"23","39110"
"25","39120"
"32","39130"
"13","39140"
"13","39150"
"7","39160"
"4","39170"
"13","39190"
"7","39200"
"19","39210"
"3","39220"
"28","39230"
"15","39240"
"22","39250"
"11","39260"
"22","39270"
"18","39290"
"33","39300"
"5","39310"
"11","39320"
"3","39330"
"10","39350"
"7","39360"
"3","39370"
"16","39380"
"6","39400"
"2","39410"
"5","39500"
"37","39570"
"21","39600"
"28","39700"
"27","39800"
"17","40090"
"6","40110"
"13","40120"
"3","40140"
"2","40150"
"3","40160"
"6","40170"
"18","40180"
"11","40190"
"5","40200"
"5","40210"
"9","40230"
"11","40240"
"15","40250"
"4","40260"
"10","40270"
"4","40280"
"5","40290"
"15","40300"
"7","40310"
"23","40320"
"8","40330"
"3","40350"
"5","40360"
"2","40370"
"14","40380"
"8","40390"
"9","40400"
"6","40410"
"5","40420"
"4","40430"
"4","40465"
"14","40500"
"2","40550"
"3","40630"
"2","40660"
"23","40700"
"5","40800"
"7","40990"
"5","41000"
"26","41100"
"6","41110"
"11","41120"
"5","41130"
"4","41140"
"6","41150"
"13","41160"
"10","41170"
"11","41190"
"6","41200"
"6","41210"
"6","41220"
"8","41230"
"5","41240"
"8","41250"
"12","41270"
"8","41290"
"7","41300"
"12","41310"
"7","41320"
"7","41330"
"5","41350"
"5","41360"
"10","41370"
"10","41400"
"14","41500"
"7","41600"
"9","41700"
"20","41800"
"15","42110"
"4","42111"
"3","42114"
"6","42120"
"2","42123"
"15","42130"
"11","42140"
"6","42155"
"3","42160"
"2","42170"
"5","42190"
"10","42210"
"8","42220"
"2","42230"
"4","42240"
"13","42260"
"3","42300"
"7","42310"
"5","42320"
"6","42330"
"3","42340"
"4","42360"
"8","42370"
"12","42380"
"7","42410"
"7","42430"
"8","42440"
"9","42460"
"4","42470"
"6","42510"
"8","42520"
"3","42540"
"2","42550"
"9","42560"
"2","42580"
"6","42590"
"19","42600"
"2","42610"
"2","42620"
"3","42630"
"4","42640"
"8","42660"
"4","42670"
"5","42720"
"3","42740"
"3","42750"
"10","42800"
"2","42830"
"2","42840"
"2","42940"
"4","42990"
"5","43000"
"16","43100"
"2","43120"
"3","43130"
"3","43140"
"12","43150"
"10","43160"
"8","43170"
"3","43190"
"10","43200"
"3","43210"
"3","43220"
"18","43230"
"2","43250"
"8","43260"
"6","43270"
"4","43290"
"19","43300"
"9","43320"
"2","43330"
"5","43340"
"6","43350"
"4","43360"
"5","43370"
"12","43380"
"4","43390"
"3","43410"
"4","43420"
"4","43430"
"5","43440"
"7","43450"
"4","43490"
"10","43500"
"5","43510"
"7","43580"
"2","43600"
"2","43620"
"7","43700"
"8","43800"
"2","43810"
"7","44110"
"2","44115"
"2","44119"
"5","44130"
"6","44140"
"2","44150"
"5","44160"
"7","44170"
"6","44190"
"2","44240"
"6","44260"
"4","44270"
"4","44290"
"4","44310"
"5","44320"
"5","44330"
"2","44350"
"4","44360"
"2","44370"
"6","44390"
"4","44410"
"3","44420"
"4","44430"
"5","44440"
"2","44450"
"3","44460"
"3","44470"
"4","44520"
"2","44521"
"3","44522"
"4","44530"
"2","44540"
"2","44550"
"2","44560"
"5","44590"
"5","44640"
"3","44650"
"4","44660"
"4","44670"
"4","44680"
"5","44690"
"2","44710"
"2","44750"
"2","44760"
"2","44770"
"2","44810"
"2","44830"
"4","44850"
"2","44860"
"4","45110"
"4","45120"
"10","45130"
"5","45140"
"4","45150"
"3","45160"
"12","45170"
"5","45190"
"3","45200"
"16","45210"
"8","45220"
"11","45230"
"5","45240"
"5","45250"
"10","45260"
"12","45270"
"9","45290"
"30","45300"
"11","45310"
"6","45320"
"2","45330"
"16","45340"
"4","45360"
"5","45370"
"2","45380"
"12","45390"
"3","45400"
"6","45410"
"6","45420"
"3","45430"
"4","45450"
"4","45460"
"3","45470"
"12","45480"
"9","45490"
"7","45500"
"4","45510"
"4","45520"
"4","45530"
"2","45570"
"8","45600"
"2","45620"
"13","45700"
"3","45760"
"2","45800"
"18","46090"
"19","46100"
"8","46110"
"17","46120"
"16","46130"
"12","46140"
"15","46150"
"13","46160"
"5","46170"
"2","46190"
"9","46200"
"11","46210"
"3","46220"
"11","46230"
"8","46240"
"9","46250"
"11","46260"
"7","46270"
"14","46300"
"7","46310"
"13","46320"
"12","46330"
"4","46340"
"7","46350"
"6","46360"
"12","46400"
"17","46500"
"10","46600"
"13","46700"
"5","46800"
"4","47110"
"18","47120"
"6","47130"
"9","47140"
"12","47150"
"11","47160"
"8","47170"
"8","47180"
"4","47190"
"12","47200"
"13","47210"
"8","47220"
"8","47230"
"3","47240"
"9","47250"
"7","47260"
"12","47270"
"10","47290"
"5","47300"
"11","47310"
"3","47320"
"8","47330"
"9","47340"
"11","47350"
"11","47360"
"8","47370"
"7","47380"
"9","47400"
"5","47410"
"6","47420"
"5","47430"
"2","47440"
"2","47450"
"5","47470"
"2","47480"
"9","47500"
"11","47600"
"11","47700"
"12","47800"
"12","48000"
"15","48100"
"6","48110"
"3","48120"
"7","48140"
"5","48150"
"6","48160"
"9","48170"
"6","48190"
"9","48200"
"4","48210"
"2","48220"
"4","48230"
"3","48240"
"4","48250"
"4","48260"
"7","48300"
"10","48310"
"2","48320"
"4","48340"
"10","48400"
"6","48500"
"6","48600"
"7","48700"
"6","48800"
"2","49000"
"3","49070"
"3","49110"
"2","49122"
"3","49123"
"2","49124"
"3","49125"
"3","49130"
"11","49140"
"2","49150"
"4","49160"
"8","49170"
"3","49190"
"9","49220"
"5","49250"
"11","49260"
"2","49270"
"5","49280"
"3","49290"
"5","49310"
"4","49320"
"5","49330"
"4","49340"
"2","49350"
"6","49360"
"4","49370"
"2","49380"
"6","49390"
"8","49400"
"3","49420"
"5","49430"
"5","49440"
"2","49450"
"5","49460"
"2","49490"
"2","49500"
"4","49520"
"3","49540"
"3","49560"
"2","49600"
"5","49610"
"2","49630"
"2","49650"
"2","49680"
"7","49700"
"4","49730"
"4","49750"
"3","49800"
"5","50000"
"4","50110"
"5","50140"
"6","50150"
"5","50160"
"8","50170"
"3","50180"
"12","50190"
"16","50200"
"11","50210"
"11","50220"
"5","50240"
"10","50250"
"8","50260"
"11","50270"
"6","50290"
"12","50300"
"18","50310"
"10","50320"
"11","50330"
"14","50340"
"5","50360"
"12","50370"
"2","50380"
"13","50390"
"4","50400"
"9","50410"
"10","50420"
"5","50430"
"10","50450"
"2","50460"
"2","50470"
"14","50480"
"3","50490"
"9","50500"
"7","50510"
"3","50520"
"8","50530"
"3","50560"
"10","50570"
"5","50580"
"3","50590"
"6","50600"
"11","50620"
"8","50630"
"3","50640"
"4","50660"
"7","50670"
"10","50680"
"9","50690"
"15","50700"
"3","50720"
"3","50730"
"6","50750"
"8","50760"
"15","50800"
"6","50810"
"2","50850"
"5","50870"
"2","50880"
"11","51110"
"27","51120"
"22","51130"
"17","51140"
"16","51150"
"8","51160"
"28","51170"
"6","51190"
"18","51210"
"12","51220"
"19","51230"
"27","51240"
"4","51250"
"22","51260"
"20","51270"
"23","51290"
"46","51300"
"13","51310"
"17","51320"
"23","51330"
"16","51340"
"4","51360"
"5","51370"
"4","51380"
"13","51390"
"14","51400"
"4","51420"
"2","51430"
"7","51460"
"2","51470"
"17","51480"
"9","51490"
"18","51500"
"9","51510"
"5","51520"
"17","51530"
"17","51600"
"22","51700"
"44","51800"
"16","52000"
"11","52100"
"21","52110"
"15","52120"
"18","52130"
"11","52140"
"20","52150"
"20","52160"
"5","52170"
"16","52190"
"19","52200"
"12","52210"
"8","52220"
"16","52230"
"18","52240"
"7","52250"
"5","52260"
"4","52270"
"2","52290"
"24","52300"
"8","52310"
"10","52320"
"13","52330"
"3","52340"
"16","52360"
"3","52370"
"22","52400"
"3","52410"
"26","52500"
"15","52600"
"33","52700"
"13","52800"
"7","53100"
"6","53110"
"9","53120"
"5","53140"
"7","53150"
"10","53160"
"12","53170"
"4","53190"
"11","53200"
"3","53210"
"7","53220"
"6","53230"
"10","53240"
"9","53250"
"3","53260"
"5","53270"
"8","53290"
"10","53300"
"4","53320"
"6","53340"
"5","53350"
"6","53360"
"5","53370"
"3","53380"
"4","53390"
"9","53400"
"9","53410"
"6","53440"
"5","53470"
"3","53480"
"5","53500"
"4","53540"
"6","53600"
"5","53640"
"8","53700"
"7","53800"
"3","53940"
"2","53950"
"3","53970"
"14","54110"
"4","54112"
"7","54113"
"17","54115"
"2","54116"
"12","54120"
"6","54122"
"2","54130"
"2","54134"
"10","54150"
"4","54160"
"13","54170"
"2","54180"
"3","54190"
"20","54200"
"10","54210"
"4","54230"
"14","54260"
"9","54280"
"24","54290"
"18","54300"
"19","54330"
"10","54360"
"26","54370"
"11","54380"
"8","54385"
"2","54400"
"2","54420"
"30","54450"
"2","54460"
"27","54470"
"7","54480"
"7","54490"
"2","54510"
"3","54530"
"16","54540"
"4","54550"
"8","54560"
"4","54570"
"3","54580"
"14","54610"
"10","54620"
"2","54630"
"2","54640"
"3","54670"
"2","54680"
"2","54690"
"18","54700"
"2","54710"
"4","54720"
"3","54730"
"17","54740"
"9","54760"
"5","54770"
"28","54800"
"11","54830"
"4","54840"
"2","54850"
"4","54870"
"6","54890"
"2","54920"
"9","54930"
"2","54950"
"31","55000"
"26","55100"
"27","55110"
"20","55120"
"17","55130"
"20","55140"
"24","55150"
"27","55160"
"11","55170"
"17","55190"
"13","55200"
"12","55210"
"14","55220"
"15","55230"
"4","55240"
"13","55250"
"24","55260"
"17","55270"
"8","55290"
"34","55300"
"7","55320"
"27","55400"
"28","55500"
"25","55600"
"19","55700"
"17","55800"
"3","56110"
"9","56120"
"8","56130"
"12","56140"
"3","56150"
"7","56160"
"3","56170"
"8","56190"
"4","56200"
"8","56220"
"5","56230"
"5","56240"
"7","56250"
"6","56300"
"5","56310"
"4","56320"
"2","56330"
"2","56340"
"7","56350"
"4","56360"
"2","56370"
"5","56380"
"5","56390"
"8","56400"
"2","56410"
"6","56420"
"7","56430"
"4","56450"
"4","56460"
"2","56470"
"4","56480"
"6","56490"
"10","56500"
"2","56530"
"4","56540"
"2","56550"
"3","56580"
"2","56620"
"2","56680"
"3","56690"
"5","56700"
"9","56800"
"2","56870"
"3","56890"
"2","56910"
"6","56920"
"5","57050"
"6","57070"
"2","57100"
"2","57120"
"9","57130"
"5","57140"
"5","57160"
"20","57170"
"2","57185"
"8","57200"
"32","57220"
"12","57230"
"2","57240"
"4","57245"
"2","57250"
"23","57260"
"2","57270"
"4","57280"
"2","57290"
"4","57300"
"4","57310"
"26","57320"
"7","57330"
"28","57340"
"3","57350"
"3","57365"
"14","57370"
"12","57380"
"3","57385"
"3","57390"
"10","57400"
"3","57405"
"8","57410"
"4","57412"
"2","57415"
"31","57420"
"6","57430"
"2","57440"
"6","57450"
"4","57460"
"2","57470"
"20","57480"
"2","57490"
"11","57510"
"3","57520"
"19","57530"
"2","57535"
"7","57550"
"8","57560"
"2","57565"
"13","57570"
"23","57580"
"29","57590"
"4","57600"
"4","57620"
"8","57630"
"7","57635"
"12","57640"
"4","57645"
"3","57650"
"18","57660"
"24","57670"
"4","57680"
"10","57690"
"3","57700"
"2","57710"
"15","57720"
"5","57730"
"7","57790"
"5","57800"
"13","57810"
"6","57820"
"13","57830"
"2","57840"
"2","57850"
"2","57860"
"6","57870"
"3","57880"
"2","57890"
"3","57905"
"2","57910"
"9","57920"
"12","57930"
"2","57940"
"2","57960"
"11","57970"
"3","57980"
"3","57990"
"4","58000"
"16","58110"
"10","58120"
"7","58130"
"11","58140"
"9","58150"
"7","58160"
"8","58170"
"20","58190"
"5","58200"
"14","58210"
"6","58220"
"11","58230"
"10","58240"
"9","58250"
"3","58260"
"12","58270"
"6","58290"
"15","58300"
"6","58310"
"3","58320"
"9","58330"
"4","58340"
"7","58350"
"3","58360"
"4","58370"
"10","58400"
"2","58410"
"14","58420"
"2","58430"
"2","58440"
"2","58450"
"3","58460"
"3","58470"
"10","58500"
"2","58530"
"2","58600"
"17","58700"
"15","58800"
"4","59111"
"2","59112"
"4","59114"
"2","59121"
"5","59122"
"2","59123"
"5","59127"
"7","59132"
"2","59133"
"5","59134"
"2","59135"
"4","59138"
"2","59139"
"3","59141"
"7","59143"
"8","59144"
"2","59145"
"3","59147"
"3","59149"
"5","59151"
"4","59152"
"2","59157"
"4","59158"
"3","59159"
"2","59160"
"5","59161"
"3","59163"
"5","59169"
"3","59171"
"2","59172"
"5","59173"
"2","59175"
"2","59176"
"3","59177"
"4","59178"
"2","59182"
"3","59188"
"3","59189"
"8","59190"
"3","59191"
"2","59194"
"2","59195"
"2","59199"
"6","59213"
"3","59216"
"4","59217"
"4","59218"
"3","59219"
"3","59220"
"3","59222"
"2","59224"
"2","59225"
"2","59226"
"3","59227"
"2","59229"
"5","59230"
"3","59231"
"3","59234"
"2","59239"
"3","59242"
"3","59244"
"2","59247"
"2","59249"
"3","59252"
"3","59258"
"2","59260"
"2","59265"
"3","59266"
"3","59267"
"6","59268"
"3","59269"
"8","59270"
"2","59273"
"3","59279"
"2","59280"
"2","59282"
"2","59283"
"3","59285"
"2","59287"
"2","59295"
"3","59300"
"10","59310"
"9","59320"
"7","59330"
"12","59360"
"13","59380"
"4","59390"
"12","59400"
"14","59440"
"12","59470"
"2","59480"
"2","59490"
"2","59494"
"2","59496"
"2","59510"
"15","59530"
"4","59540"
"9","59550"
"2","59551"
"2","59552"
"3","59553"
"5","59554"
"2","59560"
"14","59570"
"2","59580"
"9","59600"
"2","59610"
"5","59620"
"6","59630"
"2","59660"
"12","59670"
"8","59680"
"4","59710"
"6","59730"
"13","59740"
"3","59780"
"2","59820"
"7","59830"
"3","59840"
"7","59870"
"2","59890"
"3","59940"
"3","59970"
"5","59980"
"7","59990"
"8","60000"
"5","60110"
"13","60112"
"3","60113"
"5","60117"
"3","60119"
"30","60120"
"2","60123"
"2","60126"
"2","60127"
"2","60128"
"4","60129"
"21","60130"
"2","60134"
"6","60140"
"2","60141"
"11","60150"
"2","60155"
"2","60160"
"2","60162"
"9","60170"
"26","60190"
"22","60210"
"20","60220"
"32","60240"
"10","60250"
"4","60280"
"6","60290"
"11","60300"
"22","60310"
"4","60320"
"4","60330"
"2","60340"
"18","60350"
"15","60360"
"3","60370"
"19","60380"
"7","60390"
"27","60400"
"6","60410"
"20","60420"
"8","60430"
"8","60440"
"2","60460"
"22","60480"
"17","60490"
"2","60500"
"17","60510"
"3","60520"
"7","60530"
"3","60540"
"3","60570"
"11","60590"
"11","60600"
"13","60620"
"15","60640"
"18","60650"
"6","60660"
"4","60680"
"7","60690"
"8","60700"
"2","60710"
"5","60730"
"4","60790"
"11","60800"
"6","60810"
"3","60840"
"6","60850"
"5","60860"
"3","60870"
"3","60880"
"7","60890"
"3","60940"
"3","60950"
"3","61000"
"18","61100"
"8","61110"
"15","61120"
"15","61130"
"3","61140"
"10","61150"
"22","61160"
"16","61170"
"5","61190"
"12","61200"
"14","61210"
"10","61220"
"13","61230"
"11","61240"
"18","61250"
"2","61260"
"12","61270"
"6","61290"
"9","61300"
"3","61310"
"16","61320"
"3","61330"
"6","61340"
"5","61350"
"10","61360"
"4","61370"
"8","61380"
"10","61390"
"17","61400"
"5","61410"
"5","61420"
"6","61430"
"3","61440"
"3","61450"
"6","61470"
"17","61500"
"5","61550"
"8","61560"
"10","61570"
"12","61600"
"9","61700"
"8","61800"
"2","62000"
"9","62111"
"2","62112"
"3","62113"
"6","62116"
"7","62118"
"19","62120"
"10","62121"
"2","62122"
"15","62123"
"14","62124"
"4","62126"
"15","62127"
"14","62128"
"5","62129"
"33","62130"
"3","62131"
"5","62132"
"15","62134"
"4","62136"
"5","62138"
"25","62140"
"8","62142"
"5","62144"
"3","62145"
"4","62147"
"5","62149"
"9","62150"
"2","62152"
"2","62153"
"7","62156"
"7","62158"
"3","62159"
"3","62160"
"4","62161"
"2","62162"
"2","62164"
"29","62170"
"4","62173"
"5","62175"
"5","62179"
"9","62180"
"4","62182"
"3","62185"
"8","62190"
"7","62217"
"2","62219"
"8","62223"
"3","62231"
"5","62232"
"15","62240"
"12","62250"
"4","62260"
"22","62270"
"2","62300"
"23","62310"
"4","62320"
"2","62330"
"7","62340"
"6","62350"
"9","62360"
"10","62370"
"21","62380"
"16","62390"
"3","62400"
"4","62410"
"18","62450"
"3","62460"
"2","62470"
"8","62490"
"9","62500"
"3","62530"
"2","62540"
"15","62550"
"11","62560"
"4","62570"
"2","62575"
"12","62580"
"2","62600"
"8","62610"
"4","62620"
"9","62630"
"21","62650"
"16","62690"
"3","62720"
"2","62730"
"15","62760"
"18","62770"
"22","62810"
"9","62830"
"5","62840"
"12","62850"
"17","62860"
"8","62870"
"4","62880"
"10","62890"
"6","62910"
"3","62920"
"8","62960"
"2","62980"
"14","62990"
"3","63114"
"8","63120"
"2","63122"
"2","63150"
"12","63160"
"2","63170"
"8","63190"
"13","63200"
"11","63210"
"10","63220"
"10","63230"
"4","63250"
"11","63260"
"10","63270"
"8","63290"
"3","63300"
"10","63310"
"18","63320"
"11","63330"
"19","63340"
"8","63350"
"3","63360"
"11","63380"
"8","63390"
"6","63410"
"8","63420"
"2","63430"
"10","63440"
"8","63450"
"7","63460"
"7","63470"
"4","63480"
"8","63490"
"17","63500"
"2","63510"
"7","63520"
"4","63530"
"3","63550"
"4","63560"
"9","63570"
"9","63580"
"4","63590"
"10","63600"
"4","63610"
"4","63620"
"4","63630"
"3","63640"
"4","63660"
"3","63670"
"3","63680"
"5","63690"
"9","63700"
"2","63710"
"9","63720"
"5","63730"
"2","63740"
"2","63750"
"3","63760"
"2","63780"
"3","63790"
"5","63800"
"3","63810"
"3","63820"
"2","63830"
"4","63840"
"4","63850"
"4","63880"
"4","63890"
"3","63910"
"2","63930"
"2","63970"
"4","63980"
"7","64110"
"34","64120"
"2","64121"
"20","64130"
"2","64140"
"10","64150"
"29","64160"
"8","64170"
"28","64190"
"3","64200"
"4","64210"
"23","64220"
"15","64230"
"9","64240"
"6","64250"
"14","64260"
"16","64270"
"6","64290"
"23","64300"
"3","64310"
"6","64320"
"21","64330"
"26","64350"
"8","64360"
"14","64370"
"15","64390"
"19","64400"
"19","64410"
"13","64420"
"4","64430"
"4","64440"
"14","64450"
"14","64460"
"13","64470"
"4","64480"
"12","64490"
"2","64500"
"7","64510"
"5","64520"
"5","64530"
"3","64560"
"6","64570"
"6","64640"
"2","64660"
"3","64680"
"3","64700"
"5","64780"
"20","64800"
"2","64870"
"5","64990"
"36","65100"
"15","65120"
"27","65130"
"24","65140"
"17","65150"
"15","65170"
"26","65190"
"24","65200"
"21","65220"
"22","65230"
"24","65240"
"10","65250"
"4","65260"
"2","65270"
"2","65290"
"9","65300"
"3","65310"
"9","65320"
"11","65330"
"28","65350"
"9","65360"
"25","65370"
"10","65380"
"3","65390"
"26","65400"
"3","65410"
"2","65460"
"14","65500"
"2","65560"
"3","65590"
"2","65600"
"7","65670"
"3","65690"
"19","65700"
"3","65710"
"3","65800"
"5","66110"
"3","66120"
"10","66130"
"3","66150"
"4","66170"
"6","66200"
"13","66210"
"11","66220"
"4","66230"
"2","66260"
"18","66300"
"13","66320"
"4","66340"
"17","66360"
"5","66400"
"4","66480"
"2","66490"
"15","66500"
"8","66600"
"3","66690"
"9","66720"
"7","66730"
"4","66740"
"8","66760"
"6","66800"
"5","66820"
"9","67110"
"7","67117"
"12","67120"
"17","67130"
"14","67140"
"12","67150"
"12","67160"
"15","67170"
"7","67190"
"6","67210"
"18","67220"
"12","67230"
"7","67240"
"17","67250"
"14","67260"
"22","67270"
"3","67280"
"15","67290"
"18","67310"
"23","67320"
"12","67330"
"11","67340"
"15","67350"
"13","67360"
"11","67370"
"13","67390"
"2","67410"
"7","67420"
"9","67430"
"12","67440"
"2","67450"
"10","67470"
"8","67480"
"7","67490"
"4","67500"
"5","67510"
"6","67520"
"3","67530"
"2","67550"
"2","67560"
"2","67570"
"4","67580"
"3","67590"
"10","67600"
"4","67630"
"3","67640"
"3","67650"
"3","67670"
"2","67680"
"2","67690"
"13","67700"
"3","67720"
"2","67730"
"3","67770"
"2","67800"
"2","67850"
"3","67860"
"2","67870"
"2","67880"
"2","67930"
"2","68120"
"6","68127"
"2","68128"
"17","68130"
"8","68140"
"4","68150"
"2","68160"
"3","68190"
"31","68210"
"14","68220"
"8","68230"
"2","68240"
"5","68250"
"2","68270"
"4","68280"
"11","68290"
"13","68320"
"2","68340"
"5","68380"
"3","68390"
"7","68420"
"9","68440"
"6","68470"
"28","68480"
"5","68490"
"12","68500"
"11","68510"
"3","68520"
"2","68530"
"2","68540"
"2","68550"
"4","68560"
"2","68570"
"9","68580"
"4","68590"
"12","68600"
"3","68610"
"2","68630"
"6","68640"
"2","68650"
"2","68660"
"2","68680"
"2","68690"
"6","68700"
"11","68720"
"3","68730"
"9","68740"
"2","68760"
"6","68780"
"5","68800"
"2","68820"
"2","68870"
"2","68890"
"2","68920"
"2","68960"
"2","68970"
"2","68990"
"9","69170"
"11","69210"
"8","69220"
"2","69240"
"6","69250"
"6","69270"
"2","69280"
"4","69290"
"4","69330"
"6","69360"
"14","69380"
"4","69390"
"5","69400"
"6","69420"
"10","69430"
"8","69440"
"7","69460"
"2","69470"
"7","69480"
"5","69490"
"5","69510"
"2","69530"
"5","69550"
"3","69560"
"2","69580"
"5","69590"
"9","69610"
"12","69620"
"8","69640"
"2","69650"
"6","69690"
"6","69700"
"2","69720"
"4","69770"
"3","69780"
"6","69790"
"2","69820"
"5","69840"
"2","69850"
"9","69870"
"2","69930"
"2","69970"
"42","70000"
"36","70100"
"29","70110"
"29","70120"
"18","70130"
"16","70140"
"16","70150"
"17","70160"
"11","70170"
"13","70180"
"35","70190"
"34","70200"
"19","70210"
"17","70230"
"19","70240"
"9","70270"
"5","70280"
"4","70290"
"22","70300"
"12","70310"
"3","70320"
"12","70360"
"28","70400"
"2","70440"
"36","70500"
"11","70600"
"25","70700"
"18","70800"
"3","71000"
"5","71100"
"19","71110"
"11","71120"
"8","71130"
"8","71140"
"13","71150"
"7","71160"
"6","71170"
"12","71190"
"2","71200"
"6","71210"
"16","71220"
"3","71230"
"17","71240"
"21","71250"
"16","71260"
"16","71270"
"13","71290"
"6","71300"
"9","71310"
"7","71320"
"10","71330"
"6","71340"
"14","71350"
"7","71360"
"6","71370"
"6","71380"
"22","71390"
"10","71400"
"7","71420"
"5","71430"
"10","71440"
"34","71460"
"5","71470"
"7","71480"
"9","71490"
"11","71500"
"12","71510"
"14","71520"
"6","71530"
"7","71540"
"3","71550"
"10","71570"
"8","71580"
"2","71590"
"10","71600"
"8","71620"
"10","71640"
"3","71670"
"2","71680"
"13","71700"
"5","71710"
"5","71740"
"4","71760"
"22","71800"
"2","71870"
"16","71960"
"4","71990"
"16","72110"
"9","72120"
"13","72130"
"10","72140"
"8","72150"
"8","72160"
"15","72170"
"4","72190"
"6","72200"
"8","72210"
"8","72220"
"5","72230"
"11","72240"
"3","72250"
"12","72260"
"8","72270"
"7","72290"
"13","72300"
"5","72310"
"13","72320"
"5","72330"
"6","72340"
"8","72350"
"3","72360"
"5","72370"
"7","72380"
"5","72390"
"13","72400"
"9","72430"
"7","72440"
"2","72450"
"3","72460"
"3","72470"
"13","72500"
"5","72510"
"13","72540"
"6","72550"
"22","72600"
"16","72610"
"6","72650"
"6","72700"
"8","72800"
"6","73000"
"9","73100"
"14","73110"
"9","73130"
"4","73140"
"7","73160"
"13","73170"
"7","73190"
"11","73200"
"4","73210"
"11","73220"
"6","73230"
"5","73240"
"3","73250"
"3","73260"
"2","73270"
"10","73300"
"9","73310"
"4","73330"
"8","73340"
"5","73350"
"5","73360"
"3","73370"
"9","73390"
"3","73400"
"3","73410"
"4","73420"
"2","73450"
"10","73460"
"5","73470"
"3","73480"
"8","73500"
"2","73520"
"2","73530"
"2","73540"
"6","73590"
"6","73600"
"5","73610"
"6","73630"
"2","73640"
"3","73660"
"2","73670"
"4","73700"
"3","73730"
"14","73800"
"2","73870"
"6","74100"
"4","74110"
"3","74120"
"8","74130"
"13","74140"
"17","74150"
"9","74160"
"2","74170"
"10","74200"
"8","74210"
"8","74230"
"8","74250"
"17","74270"
"5","74290"
"7","74300"
"2","74310"
"2","74320"
"8","74330"
"13","74350"
"4","74360"
"7","74370"
"5","74380"
"5","74410"
"7","74420"
"4","74430"
"5","74440"
"2","74450"
"3","74470"
"3","74490"
"16","74500"
"7","74520"
"11","74540"
"4","74550"
"2","74560"
"2","74570"
"3","74600"
"3","74700"
"9","74800"
"4","74890"
"6","74910"
"4","74930"
"2","74950"
"22","76110"
"3","76111"
"3","76113"
"9","76116"
"2","76119"
"5","76133"
"3","76150"
"11","76160"
"9","76170"
"20","76190"
"16","76210"
"18","76220"
"3","76230"
"3","76240"
"17","76260"
"23","76270"
"16","76280"
"5","76290"
"2","76320"
"4","76330"
"19","76340"
"4","76360"
"6","76370"
"3","76380"
"15","76390"
"12","76400"
"5","76410"
"16","76430"
"21","76440"
"25","76450"
"13","76460"
"12","76480"
"7","76490"
"3","76500"
"9","76510"
"11","76520"
"5","76530"
"19","76540"
"8","76550"
"25","76560"
"9","76570"
"23","76590"
"9","76630"
"11","76640"
"17","76660"
"17","76680"
"17","76690"
"5","76700"
"4","76710"
"3","76720"
"22","76730"
"17","76740"
"16","76750"
"11","76760"
"3","76770"
"15","76780"
"6","76790"
"3","76810"
"3","76840"
"10","76850"
"4","76860"
"2","76870"
"2","76880"
"20","76890"
"3","76910"
"2","76930"
"4","76940"
"4","76970"
"4","77000"
"3","77100"
"2","77111"
"4","77114"
"2","77115"
"3","77118"
"9","77120"
"3","77123"
"4","77124"
"3","77126"
"12","77130"
"2","77131"
"2","77133"
"5","77139"
"5","77140"
"2","77144"
"2","77148"
"2","77150"
"2","77154"
"10","77160"
"3","77163"
"7","77165"
"2","77166"
"5","77167"
"4","77169"
"3","77170"
"4","77171"
"2","77174"
"2","77176"
"2","77178"
"2","77181"
"2","77190"
"2","77210"
"5","77220"
"13","77230"
"3","77240"
"3","77250"
"7","77260"
"2","77290"
"3","77310"
"22","77320"
"3","77350"
"13","77370"
"13","77390"
"7","77400"
"11","77410"
"13","77440"
"8","77450"
"2","77460"
"7","77470"
"12","77480"
"10","77510"
"5","77515"
"12","77520"
"7","77540"
"4","77550"
"10","77560"
"7","77570"
"12","77580"
"3","77590"
"6","77600"
"7","77610"
"2","77620"
"3","77630"
"2","77640"
"8","77650"
"2","77660"
"2","77670"
"2","77690"
"5","77700"
"9","77710"
"10","77720"
"4","77730"
"6","77750"
"16","77760"
"3","77820"
"3","77830"
"3","77840"
"3","77860"
"6","77890"
"4","77910"
"6","77930"
"9","77940"
"6","77950"
"5","77970"
"2","77990"
"6","78113"
"2","78117"
"3","78120"
"2","78124"
"11","78125"
"2","78130"
"12","78200"
"2","78240"
"6","78250"
"13","78270"
"2","78310"
"3","78320"
"2","78350"
"5","78410"
"11","78440"
"2","78450"
"2","78460"
"3","78470"
"11","78490"
"4","78520"
"6","78550"
"2","78570"
"5","78580"
"2","78590"
"2","78600"
"4","78610"
"2","78630"
"4","78640"
"2","78650"
"7","78660"
"2","78670"
"2","78690"
"5","78720"
"5","78730"
"2","78740"
"7","78770"
"10","78790"
"2","78810"
"2","78830"
"2","78840"
"9","78910"
"7","78930"
"2","78940"
"7","78980"
"3","79000"
"12","79100"
"10","79110"
"10","79120"
"7","79130"
"6","79140"
"5","79150"
"11","79160"
"17","79170"
"12","79190"
"12","79200"
"8","79210"
"10","79220"
"8","79230"
"8","79240"
"4","79260"
"7","79270"
"4","79290"
"4","79300"
"6","79310"
"2","79320"
"7","79330"
"6","79340"
"4","79350"
"8","79360"
"5","79370"
"3","79380"
"7","79390"
"8","79400"
"5","79410"
"7","79420"
"2","79450"
"6","79500"
"12","79600"
"4","79700"
"10","79800"
"18","80110"
"2","80115"
"15","80120"
"5","80130"
"3","80131"
"19","80132"
"7","80135"
"40","80140"
"26","80150"
"23","80160"
"14","80170"
"19","80190"
"35","80200"
"10","80210"
"8","80220"
"8","80230"
"19","80240"
"20","80250"
"24","80260"
"13","80270"
"30","80290"
"35","80300"
"13","80310"
"11","80320"
"2","80330"
"14","80340"
"18","80360"
"19","80370"
"2","80390"
"18","80400"
"2","80420"
"11","80430"
"8","80440"
"2","80450"
"4","80460"
"7","80470"
"7","80480"
"7","80490"
"29","80500"
"4","80510"
"3","80520"
"15","80540"
"25","80560"
"2","80570"
"6","80580"
"21","80600"
"2","80610"
"10","80620"
"6","80640"
"7","80670"
"5","80680"
"7","80690"
"31","80700"
"2","80740"
"2","80750"
"27","80800"
"2","80830"
"3","80860"
"3","80870"
"2","80910"
"2","81090"
"3","81100"
"8","81110"
"13","81120"
"5","81130"
"16","81140"
"12","81150"
"2","81160"
"22","81170"
"12","81190"
"4","81200"
"5","81210"
"8","81220"
"8","81240"
"6","81250"
"9","81260"
"4","81290"
"6","81300"
"3","81310"
"4","81320"
"4","81330"
"14","81340"
"8","81350"
"2","81360"
"3","81390"
"5","81400"
"5","81430"
"10","81440"
"11","81470"
"3","81490"
"22","81500"
"6","81530"
"5","81540"
"5","81570"
"2","81580"
"10","81600"
"8","81630"
"6","81640"
"3","81660"
"10","81700"
"2","81710"
"6","81800"
"7","81990"
"9","82100"
"9","82110"
"14","82120"
"6","82130"
"3","82140"
"6","82150"
"9","82160"
"7","82170"
"7","82190"
"5","82200"
"8","82210"
"5","82220"
"5","82230"
"7","82240"
"3","82270"
"6","82290"
"4","82300"
"3","82330"
"9","82340"
"9","82370"
"12","82400"
"3","82440"
"18","82500"
"8","82600"
"7","82700"
"6","82800"
"2","83120"
"8","83136"
"6","83170"
"2","83200"
"5","83210"
"2","83300"
"3","83310"
"3","83330"
"6","83340"
"3","83390"
"8","83440"
"2","83460"
"4","83470"
"2","83510"
"8","83560"
"5","83570"
"3","83600"
"9","83630"
"2","83640"
"7","83670"
"4","83690"
"4","83830"
"9","83840"
"2","84100"
"12","84110"
"4","84120"
"2","84150"
"5","84160"
"6","84190"
"6","84210"
"9","84220"
"9","84240"
"4","84290"
"2","84300"
"5","84330"
"3","84340"
"3","84360"
"8","84390"
"10","84400"
"3","84410"
"2","84450"
"3","84480"
"5","84570"
"3","84600"
"3","84750"
"4","84800"
"2","84840"
"2","84850"
"2","85000"
"8","85110"
"10","85120"
"7","85130"
"4","85140"
"10","85150"
"6","85170"
"5","85190"
"12","85200"
"9","85210"
"9","85220"
"4","85230"
"7","85240"
"5","85250"
"4","85260"
"2","85270"
"2","85290"
"5","85300"
"4","85310"
"11","85320"
"2","85340"
"3","85370"
"6","85390"
"5","85400"
"6","85410"
"9","85420"
"3","85430"
"5","85440"
"7","85450"
"2","85460"
"2","85470"
"4","85480"
"5","85500"
"2","85510"
"2","85520"
"9","85540"
"2","85560"
"6","85570"
"4","85580"
"5","85590"
"3","85600"
"2","85610"
"7","85670"
"7","85700"
"3","85710"
"4","85770"
"3","85800"
"3","86100"
"10","86110"
"13","86120"
"4","86130"
"6","86140"
"6","86150"
"8","86160"
"10","86170"
"10","86190"
"15","86200"
"6","86210"
"8","86220"
"9","86230"
"5","86240"
"7","86250"
"4","86260"
"4","86270"
"7","86290"
"9","86300"
"8","86310"
"6","86320"
"8","86330"
"8","86340"
"6","86350"
"2","86360"
"4","86370"
"4","86380"
"2","86390"
"11","86400"
"5","86410"
"7","86420"
"4","86430"
"3","86450"
"3","86460"
"2","86490"
"6","86500"
"3","86510"
"3","86530"
"2","86580"
"8","86600"
"4","86700"
"9","86800"
"3","87110"
"8","87120"
"10","87130"
"7","87140"
"4","87150"
"6","87160"
"6","87190"
"4","87200"
"6","87210"
"4","87220"
"8","87230"
"3","87240"
"4","87250"
"7","87260"
"3","87270"
"5","87290"
"9","87300"
"5","87310"
"7","87330"
"3","87340"
"5","87360"
"4","87370"
"7","87380"
"10","87400"
"2","87420"
"6","87440"
"3","87460"
"5","87500"
"4","87510"
"4","87520"
"4","87600"
"5","87700"
"11","87800"
"9","88000"
"8","88100"
"6","88110"
"8","88120"
"17","88130"
"18","88140"
"6","88150"
"4","88160"
"29","88170"
"5","88200"
"17","88210"
"6","88220"
"4","88230"
"10","88240"
"23","88260"
"30","88270"
"2","88290"
"25","88300"
"2","88310"
"21","88320"
"12","88330"
"2","88340"
"7","88350"
"2","88360"
"2","88370"
"2","88380"
"11","88390"
"3","88400"
"13","88410"
"6","88430"
"2","88440"
"7","88450"
"8","88460"
"5","88470"
"2","88480"
"9","88490"
"42","88500"
"6","88520"
"2","88530"
"2","88550"
"34","88600"
"16","88630"
"6","88640"
"4","88650"
"31","88700"
"14","88800"
"3","89000"
"18","89100"
"11","89110"
"4","89113"
"4","89116"
"8","89130"
"18","89140"
"3","89144"
"14","89150"
"16","89160"
"4","89170"
"12","89190"
"18","89200"
"7","89210"
"4","89220"
"6","89230"
"9","89240"
"6","89250"
"5","89260"
"8","89270"
"10","89290"
"7","89300"
"15","89310"
"11","89320"
"6","89330"
"5","89340"
"3","89350"
"8","89360"
"5","89390"
"11","89400"
"2","89410"
"14","89420"
"6","89430"
"11","89440"
"9","89450"
"5","89460"
"6","89480"
"10","89500"
"3","89510"
"10","89520"
"2","89530"
"9","89560"
"6","89570"
"7","89580"
"4","89600"
"7","89630"
"10","89660"
"17","89700"
"2","89710"
"6","89740"
"2","89770"
"15","89800"
"19","90100"
"6","90110"
"2","90120"
"3","90130"
"6","90140"
"14","90150"
"3","90160"
"4","90170"
"8","90200"
"7","90300"
"3","90340"
"2","90360"
"9","90400"
"2","90500"
"5","90800"
"2","91100"
"2","91140"
"15","91150"
"4","91160"
"3","91190"
"2","91220"
"4","91250"
"2","91290"
"4","91310"
"2","91360"
"3","91400"
"11","91410"
"2","91430"
"2","91450"
"6","91470"
"2","91480"
"5","91490"
"2","91510"
"4","91530"
"4","91540"
"6","91580"
"8","91590"
"2","91620"
"5","91630"
"4","91640"
"3","91650"
"2","91680"
"6","91690"
"3","91700"
"7","91720"
"3","91730"
"3","91740"
"3","91750"
"3","91780"
"2","91800"
"2","91820"
"2","91830"
"3","91940"
"3","94440"
"2","94520"
"4","95000"
"2","95130"
"3","95190"
"2","95220"
"2","95260"
"12","95270"
"4","95300"
"3","95340"
"2","95350"
"5","95380"
"2","95400"
"14","95420"
"2","95430"
"14","95450"
"4","95470"
"4","95500"
"7","95510"
"4","95560"
"4","95570"
"2","95580"
"3","95590"
"8","95640"
"5","95650"
"4","95690"
"3","95710"
"4","95720"
"2","95750"
"3","95770"
"2","95780"
"2","95800"
"7","95810"
"2","95830"
"2","95840"
"2","95850"
"3","97218"
"2","97222"
"3","97250"
"10","01400"
"4","01640"
"8","01500"
"8","01330"
"22","01300"
"9","01350"
"7","01100"
"6","01110"
"11","01230"
"12","01190"
"11","01510"
"9","01480"
"4","01570"
"10","01340"
"6","01380"
"4","01360"
"4","01990"
"7","01270"
"9","01200"
"9","01130"
"5","01260"
"5","01470"
"5","01370"
"10","01290"
"4","01700"
"11","01150"
"7","01120"
"9","01450"
"2","01000"
"12","01800"
"6","01460"
"8","01310"
"10","01430"
"8","01240"
"8","01170"
"18","01250"
"6","01320"
"5","01630"
"5","01410"
"4","01420"
"3","01660"
"8","01390"
"3","01550"
"12","01560"
"3","01750"
"3","01220"
"3","01590"
"7","01160"
"3","01210"
"6","01090"
"8","01140"
"5","01680"
"4","01580"
"9","01600"
"3","01960"
"3","01540"
"31","02300"
"16","02800"
"26","02200"
"16","02340"
"16","02190"
"23","02110"
"11","02820"
"8","02370"
"17","02240"
"9","02320"
"17","02290"
"9","02700"
"26","02600"
"10","02480"
"18","02500"
"18","02360"
"21","02130"
"27","02210"
"22","02860"
"21","02270"
"8","02840"
"10","02490"
"17","02420"
"12","02590"
"26","02120"
"30","02220"
"26","02000"
"18","02250"
"3","02580"
"23","02400"
"33","02140"
"5","02170"
"7","02850"
"11","02380"
"11","02330"
"31","02160"
"7","02440"
"7","02450"
"7","02870"
"11","02310"
"15","02350"
"18","02880"
"12","02810"
"12","02260"
"5","02680"
"2","02670"
"3","02570"
"3","02650"
"9","02470"
"7","02540"
"2","02690"
"11","02100"
"4","02510"
"3","02460"
"2","02760"
"3","02720"
"4","02150"
"3","02630"
"4","02390"
"3","02410"
"2","02830"
"2","02640"
"3","03200"
"12","03210"
"8","03360"
"13","03120"
"7","03380"
"9","03420"
"11","03250"
"5","03460"
"11","03190"
"6","03000"
"14","03130"
"15","03140"
"15","03500"
"10","03230"
"10","03390"
"12","03800"
"7","03330"
"3","03700"
"8","03340"
"7","03170"
"6","03260"
"7","03300"
"10","03150"
"7","03160"
"5","03350"
"9","03110"
"4","03270"
"3","03440"
"6","03600"
"9","03370"
"2","03510"
"7","03320"
"12","03220"
"7","03450"
"5","03430"
"4","03470"
"8","03240"
"3","03290"
"5","03410"
"4","03310"
"4","03400"
"2","03100"
"5","04510"
"7","04500"
"10","04170"
"6","04240"
"7","04420"
"8","04110"
"19","04200"
"8","04140"
"9","04150"
"6","04400"
"4","04380"
"8","04330"
"12","04250"
"3","04370"
"10","04270"
"3","04340"
"6","04700"
"2","04210"
"7","04120"
"4","04320"
"2","04600"
"2","04160"
"8","05110"
"3","04530"
"2","04220"
"8","04230"
"9","04300"
"4","04000"
"3","04800"
"2","04310"
"9","05130"
"5","05160"
"2","04410"
"13","06260"
"3","04290"
"7","05260"
"3","05120"
"4","05350"
"8","05140"
"8","05800"
"5","05230"
"9","05200"
"12","05300"
"17","05700"
"8","05000"
"6","05190"
"8","05100"
"7","05150"
"10","05500"
"8","05600"
"11","05400"
"3","05310"
"2","05290"
"11","06910"
"4","06750"
"12","06420"
"5","06620"
"7","06450"
"5","06390"
"9","06470"
"7","06510"
"6","06440"
"5","06830"
"3","06540"
"3","06850"
"5","06530"
"3","06340"
"2","06320"
"7","06670"
"5","06500"
"3","06460"
"3","06140"
"5","06710"
"2","06380"
"2","06650"
"2","06660"
"2","06230"
"2","06430"
"14","07160"
"20","07200"
"7","07530"
"13","07000"
"9","07400"
"11","07190"
"4","07440"
"8","07210"
"16","07340"
"4","07100"
"5","07600"
"9","07310"
"7","07290"
"7","07410"
"4","07370"
"10","07140"
"4","07330"
"8","07120"
"6","07460"
"2","07630"
"8","07800"
"17","07110"
"4","07580"
"7","07150"
"7","07700"
"6","07590"
"10","07270"
"4","07450"
"7","07240"
"7","07230"
"6","07130"
"8","07300"
"9","07380"
"6","07430"
"4","07470"
"6","07510"
"9","07170"
"2","07570"
"6","07320"
"7","07260"
"5","07360"
"4","07660"
"3","07520"
"4","07220"
"3","07610"
"6","07690"
"2","07560"
"2","07250"
"29","08300"
"18","08090"
"15","08190"
"19","08310"
"23","08130"
"3","08500"
"10","08450"
"13","08260"
"10","08290"
"23","08250"
"32","08400"
"12","08390"
"17","08150"
"19","08270"
"4","08320"
"13","08370"
"7","08380"
"24","08240"
"8","08210"
"6","08000"
"25","08430"
"10","08200"
"19","08220"
"8","08140"
"15","08110"
"6","08230"
"9","08160"
"8","08600"
"5","08360"
"9","08350"
"8","08460"
"7","08800"
"5","08170"
"5","08440"
"5","08700"
"13","09240"
"13","09600"
"22","09300"
"13","09310"
"6","09320"
"20","09400"
"11","09200"
"25","09800"
"11","09250"
"23","09000"
"11","09130"
"7","09460"
"17","09120"
"21","09100"
"13","09110"
"8","09140"
"7","09220"
"12","09230"
"11","09350"
"22","09500"
"13","09700"
"10","09160"
"3","09290"
"5","09420"
"4","09190"
"2","09210"
